<?xml version="1.0" encoding="UTF-8" ?>
<File Version="1.00" CreateTime="2019/01/24/18/20">
	<AudioList Version="1.00">
		<Audio>00300.dat</Audio>
		<Audio>00400.dat</Audio>
		<Audio>00600.dat</Audio>
		<Audio>00700.dat</Audio>
		<Audio>00800.dat</Audio>
		<Audio>01000.dat</Audio>
		<Audio>08000.dat</Audio>
		<Audio>JGCS.dat</Audio>
		<Audio>pcmanager.ldb</Audio>
		<Audio>pcmanager.mdb</Audio>
	</AudioList>
	<JGCS Version="1.00">
	</JGCS>
	<FirmWare Version="1.00">
	</FirmWare>
	<CountryList Version="1.00" Count="000">
		<Country Code="00100" name="Australia" IsSate="1">
			<StateList>
				<State Code="00101" name="Australian Capital Territory" IsSate="0">
					<JKG_Ver>1.00</JKG_Ver>
					<DAT_Ver>1.00</DAT_Ver>
					<IsDownLoadUpDateList>0</IsDownLoadUpDateList>
					<Count>10</Count>
				</State>
				<State Code="00102" name="New South Wales" IsSate="0">
					<JKG_Ver>1.00</JKG_Ver>
					<DAT_Ver>1.00</DAT_Ver>
					<IsDownLoadUpDateList>0</IsDownLoadUpDateList>
					<Count>263</Count>
				</State>
				<State Code="00103" name="Northern Territory" IsSate="0">
					<JKG_Ver>1.00</JKG_Ver>
					<DAT_Ver>1.00</DAT_Ver>
					<IsDownLoadUpDateList>0</IsDownLoadUpDateList>
					<Count>9</Count>
				</State>
				<State Code="00104" name="Queensland" IsSate="0">
					<JKG_Ver>1.00</JKG_Ver>
					<DAT_Ver>1.00</DAT_Ver>
					<IsDownLoadUpDateList>0</IsDownLoadUpDateList>
					<Count>139</Count>
				</State>
				<State Code="00105" name="South Australia" IsSate="0">
					<JKG_Ver>1.00</JKG_Ver>
					<DAT_Ver>1.00</DAT_Ver>
					<IsDownLoadUpDateList>0</IsDownLoadUpDateList>
					<Count>54</Count>
				</State>
				<State Code="00106" name="Tasmania" IsSate="0">
					<JKG_Ver>1.00</JKG_Ver>
					<DAT_Ver>1.00</DAT_Ver>
					<IsDownLoadUpDateList>0</IsDownLoadUpDateList>
					<Count>31</Count>
				</State>
				<State Code="00107" name="Victoria" IsSate="0">
					<JKG_Ver>1.00</JKG_Ver>
					<DAT_Ver>1.00</DAT_Ver>
					<IsDownLoadUpDateList>0</IsDownLoadUpDateList>
					<Count>202</Count>
				</State>
				<State Code="00108" name="Western Australia" IsSate="0">
					<JKG_Ver>1.00</JKG_Ver>
					<DAT_Ver>1.00</DAT_Ver>
					<IsDownLoadUpDateList>0</IsDownLoadUpDateList>
					<Count>59</Count>
				</State>
			</StateList>
		</Country>
		<Country Code="00200" name="Canada" IsSate="1">
			<StateList>
				<State Code="00201" name="Alberta" IsSate="0">
					<JKG_Ver>1.00</JKG_Ver>
					<DAT_Ver>1.00</DAT_Ver>
					<IsDownLoadUpDateList>0</IsDownLoadUpDateList>
					<Count>235</Count>
				</State>
				<State Code="00202" name="British Columbia" IsSate="0">
					<JKG_Ver>1.00</JKG_Ver>
					<DAT_Ver>1.00</DAT_Ver>
					<IsDownLoadUpDateList>0</IsDownLoadUpDateList>
					<Count>249</Count>
				</State>
				<State Code="00203" name="Manitoba" IsSate="0">
					<JKG_Ver>1.00</JKG_Ver>
					<DAT_Ver>1.00</DAT_Ver>
					<IsDownLoadUpDateList>0</IsDownLoadUpDateList>
					<Count>91</Count>
				</State>
				<State Code="00204" name="New Brunswick" IsSate="0">
					<JKG_Ver>1.00</JKG_Ver>
					<DAT_Ver>1.00</DAT_Ver>
					<IsDownLoadUpDateList>0</IsDownLoadUpDateList>
					<Count>38</Count>
				</State>
				<State Code="00205" name="Newfoundland and Labrador" IsSate="0">
					<JKG_Ver>1.00</JKG_Ver>
					<DAT_Ver>1.00</DAT_Ver>
					<IsDownLoadUpDateList>0</IsDownLoadUpDateList>
					<Count>17</Count>
				</State>
				<State Code="00206" name="Northwest Territories" IsSate="0">
					<JKG_Ver>1.00</JKG_Ver>
					<DAT_Ver>1.00</DAT_Ver>
					<IsDownLoadUpDateList>0</IsDownLoadUpDateList>
					<Count>1</Count>
				</State>
				<State Code="00207" name="Nova Scotia" IsSate="0">
					<JKG_Ver>1.00</JKG_Ver>
					<DAT_Ver>1.00</DAT_Ver>
					<IsDownLoadUpDateList>0</IsDownLoadUpDateList>
					<Count>58</Count>
				</State>
				<State Code="00208" name="Ontario" IsSate="0">
					<JKG_Ver>1.00</JKG_Ver>
					<DAT_Ver>1.00</DAT_Ver>
					<IsDownLoadUpDateList>0</IsDownLoadUpDateList>
					<Count>716</Count>
				</State>
				<State Code="00209" name="Prince Edward Island" IsSate="0">
					<JKG_Ver>1.00</JKG_Ver>
					<DAT_Ver>1.00</DAT_Ver>
					<IsDownLoadUpDateList>0</IsDownLoadUpDateList>
					<Count>21</Count>
				</State>
				<State Code="00210" name="Quebec" IsSate="0">
					<JKG_Ver>1.00</JKG_Ver>
					<DAT_Ver>1.00</DAT_Ver>
					<IsDownLoadUpDateList>0</IsDownLoadUpDateList>
					<Count>285</Count>
				</State>
				<State Code="00211" name="Saskatchewan" IsSate="0">
					<JKG_Ver>1.00</JKG_Ver>
					<DAT_Ver>1.00</DAT_Ver>
					<IsDownLoadUpDateList>0</IsDownLoadUpDateList>
					<Count>119</Count>
				</State>
				<State Code="00212" name="Yukon Territory" IsSate="0">
					<JKG_Ver>1.00</JKG_Ver>
					<DAT_Ver>1.00</DAT_Ver>
					<IsDownLoadUpDateList>0</IsDownLoadUpDateList>
					<Count>2</Count>
				</State>
			</StateList>
		</Country>
		<Country Code="00300" name="China" IsSate="0">
			<JKG_Ver>1.00</JKG_Ver>
			<DAT_Ver>1.00</DAT_Ver>
			<IsDownLoadUpDateList>0</IsDownLoadUpDateList>
			<Count>270</Count>
		</Country>
		<Country Code="00400" name="Indonesia" IsSate="0">
			<JKG_Ver>1.00</JKG_Ver>
			<DAT_Ver>1.00</DAT_Ver>
			<IsDownLoadUpDateList>0</IsDownLoadUpDateList>
			<Count>66</Count>
		</Country>
		<Country Code="00500" name="Japan" IsSate="0">
			<JKG_Ver>1.00</JKG_Ver>
			<DAT_Ver>1.00</DAT_Ver>
			<IsDownLoadUpDateList>0</IsDownLoadUpDateList>
			<Count>2420</Count>
		</Country>
		<Country Code="00600" name="Korea" IsSate="0">
			<JKG_Ver>1.00</JKG_Ver>
			<DAT_Ver>1.00</DAT_Ver>
			<IsDownLoadUpDateList>0</IsDownLoadUpDateList>
			<Count>504</Count>
		</Country>
		<Country Code="00700" name="Malaysia" IsSate="0">
			<JKG_Ver>1.00</JKG_Ver>
			<DAT_Ver>1.00</DAT_Ver>
			<IsDownLoadUpDateList>0</IsDownLoadUpDateList>
			<Count>107</Count>
		</Country>
		<Country Code="00800" name="Philippines" IsSate="0">
			<JKG_Ver>1.00</JKG_Ver>
			<DAT_Ver>1.00</DAT_Ver>
			<IsDownLoadUpDateList>0</IsDownLoadUpDateList>
			<Count>60</Count>
		</Country>
		<Country Code="00900" name="Singapore" IsSate="0">
			<JKG_Ver>1.00</JKG_Ver>
			<DAT_Ver>1.00</DAT_Ver>
			<IsDownLoadUpDateList>0</IsDownLoadUpDateList>
			<Count>42</Count>
		</Country>
		<Country Code="01000" name="Thailand" IsSate="0">
			<JKG_Ver>1.00</JKG_Ver>
			<DAT_Ver>1.00</DAT_Ver>
			<IsDownLoadUpDateList>0</IsDownLoadUpDateList>
			<Count>158</Count>
		</Country>
		<Country Code="01100" name="Viet Nam" IsSate="0">
			<JKG_Ver>1.00</JKG_Ver>
			<DAT_Ver>1.00</DAT_Ver>
			<IsDownLoadUpDateList>0</IsDownLoadUpDateList>
			<Count>25</Count>
		</Country>
		<Country Code="01200" name="USA" IsSate="1">
			<StateList>
				<State Code="01201" name="Alabama" IsSate="0">
					<JKG_Ver>1.00</JKG_Ver>
					<DAT_Ver>1.00</DAT_Ver>
					<IsDownLoadUpDateList>0</IsDownLoadUpDateList>
					<Count>221</Count>
				</State>
				<State Code="01202" name="Alaska" IsSate="0">
					<JKG_Ver>1.00</JKG_Ver>
					<DAT_Ver>1.00</DAT_Ver>
					<IsDownLoadUpDateList>0</IsDownLoadUpDateList>
					<Count>20</Count>
				</State>
				<State Code="01203" name="Arizona" IsSate="0">
					<JKG_Ver>1.00</JKG_Ver>
					<DAT_Ver>1.00</DAT_Ver>
					<IsDownLoadUpDateList>0</IsDownLoadUpDateList>
					<Count>330</Count>
				</State>
				<State Code="01204" name="Arkansas" IsSate="0">
					<JKG_Ver>1.00</JKG_Ver>
					<DAT_Ver>1.00</DAT_Ver>
					<IsDownLoadUpDateList>0</IsDownLoadUpDateList>
					<Count>196</Count>
				</State>
				<State Code="01205" name="California" IsSate="0">
					<JKG_Ver>1.00</JKG_Ver>
					<DAT_Ver>1.00</DAT_Ver>
					<IsDownLoadUpDateList>0</IsDownLoadUpDateList>
					<Count>928</Count>
				</State>
				<State Code="01206" name="Colorado" IsSate="0">
					<JKG_Ver>1.00</JKG_Ver>
					<DAT_Ver>1.00</DAT_Ver>
					<IsDownLoadUpDateList>0</IsDownLoadUpDateList>
					<Count>253</Count>
				</State>
				<State Code="01207" name="Connecticut" IsSate="0">
					<JKG_Ver>1.00</JKG_Ver>
					<DAT_Ver>1.00</DAT_Ver>
					<IsDownLoadUpDateList>0</IsDownLoadUpDateList>
					<Count>173</Count>
				</State>
				<State Code="01208" name="Delaware" IsSate="0">
					<JKG_Ver>1.00</JKG_Ver>
					<DAT_Ver>1.00</DAT_Ver>
					<IsDownLoadUpDateList>0</IsDownLoadUpDateList>
					<Count>41</Count>
				</State>
				<State Code="01209" name="District of Columbia" IsSate="0">
					<JKG_Ver>1.00</JKG_Ver>
					<DAT_Ver>1.00</DAT_Ver>
					<IsDownLoadUpDateList>0</IsDownLoadUpDateList>
					<Count>4</Count>
				</State>
				<State Code="01210" name="Florida" IsSate="0">
					<JKG_Ver>1.00</JKG_Ver>
					<DAT_Ver>1.00</DAT_Ver>
					<IsDownLoadUpDateList>0</IsDownLoadUpDateList>
					<Count>1068</Count>
				</State>
				<State Code="01211" name="Georgia" IsSate="0">
					<JKG_Ver>1.00</JKG_Ver>
					<DAT_Ver>1.00</DAT_Ver>
					<IsDownLoadUpDateList>0</IsDownLoadUpDateList>
					<Count>396</Count>
				</State>
				<State Code="01212" name="Hawaii" IsSate="0">
					<JKG_Ver>1.00</JKG_Ver>
					<DAT_Ver>1.00</DAT_Ver>
					<IsDownLoadUpDateList>0</IsDownLoadUpDateList>
					<Count>75</Count>
				</State>
				<State Code="01213" name="Idaho" IsSate="0">
					<JKG_Ver>1.00</JKG_Ver>
					<DAT_Ver>1.00</DAT_Ver>
					<IsDownLoadUpDateList>0</IsDownLoadUpDateList>
					<Count>109</Count>
				</State>
				<State Code="01214" name="Illinois" IsSate="0">
					<JKG_Ver>1.00</JKG_Ver>
					<DAT_Ver>1.00</DAT_Ver>
					<IsDownLoadUpDateList>0</IsDownLoadUpDateList>
					<Count>658</Count>
				</State>
				<State Code="01215" name="Indiana" IsSate="0">
					<JKG_Ver>1.00</JKG_Ver>
					<DAT_Ver>1.00</DAT_Ver>
					<IsDownLoadUpDateList>0</IsDownLoadUpDateList>
					<Count>452</Count>
				</State>
				<State Code="01216" name="Iowa" IsSate="0">
					<JKG_Ver>1.00</JKG_Ver>
					<DAT_Ver>1.00</DAT_Ver>
					<IsDownLoadUpDateList>0</IsDownLoadUpDateList>
					<Count>405</Count>
				</State>
				<State Code="01217" name="Kansas" IsSate="0">
					<JKG_Ver>1.00</JKG_Ver>
					<DAT_Ver>1.00</DAT_Ver>
					<IsDownLoadUpDateList>0</IsDownLoadUpDateList>
					<Count>245</Count>
				</State>
				<State Code="01218" name="Kentucky" IsSate="0">
					<JKG_Ver>1.00</JKG_Ver>
					<DAT_Ver>1.00</DAT_Ver>
					<IsDownLoadUpDateList>0</IsDownLoadUpDateList>
					<Count>274</Count>
				</State>
				<State Code="01219" name="Louisiana" IsSate="0">
					<JKG_Ver>1.00</JKG_Ver>
					<DAT_Ver>1.00</DAT_Ver>
					<IsDownLoadUpDateList>0</IsDownLoadUpDateList>
					<Count>158</Count>
				</State>
				<State Code="01220" name="Maine" IsSate="0">
					<JKG_Ver>1.00</JKG_Ver>
					<DAT_Ver>1.00</DAT_Ver>
					<IsDownLoadUpDateList>0</IsDownLoadUpDateList>
					<Count>137</Count>
				</State>
				<State Code="01221" name="Maryland" IsSate="0">
					<JKG_Ver>1.00</JKG_Ver>
					<DAT_Ver>1.00</DAT_Ver>
					<IsDownLoadUpDateList>0</IsDownLoadUpDateList>
					<Count>191</Count>
				</State>
				<State Code="01222" name="Massachusetts" IsSate="0">
					<JKG_Ver>1.00</JKG_Ver>
					<DAT_Ver>1.00</DAT_Ver>
					<IsDownLoadUpDateList>0</IsDownLoadUpDateList>
					<Count>369</Count>
				</State>
				<State Code="01223" name="Michigan" IsSate="0">
					<JKG_Ver>1.00</JKG_Ver>
					<DAT_Ver>1.00</DAT_Ver>
					<IsDownLoadUpDateList>0</IsDownLoadUpDateList>
					<Count>813</Count>
				</State>
				<State Code="01224" name="Minnesota" IsSate="0">
					<JKG_Ver>1.00</JKG_Ver>
					<DAT_Ver>1.00</DAT_Ver>
					<IsDownLoadUpDateList>0</IsDownLoadUpDateList>
					<Count>433</Count>
				</State>
				<State Code="01225" name="Mississippi" IsSate="0">
					<JKG_Ver>1.00</JKG_Ver>
					<DAT_Ver>1.00</DAT_Ver>
					<IsDownLoadUpDateList>0</IsDownLoadUpDateList>
					<Count>148</Count>
				</State>
				<State Code="01226" name="Missouri" IsSate="0">
					<JKG_Ver>1.00</JKG_Ver>
					<DAT_Ver>1.00</DAT_Ver>
					<IsDownLoadUpDateList>0</IsDownLoadUpDateList>
					<Count>301</Count>
				</State>
				<State Code="01227" name="Montana" IsSate="0">
					<JKG_Ver>1.00</JKG_Ver>
					<DAT_Ver>1.00</DAT_Ver>
					<IsDownLoadUpDateList>0</IsDownLoadUpDateList>
					<Count>81</Count>
				</State>
				<State Code="01228" name="Nebraska" IsSate="0">
					<JKG_Ver>1.00</JKG_Ver>
					<DAT_Ver>1.00</DAT_Ver>
					<IsDownLoadUpDateList>0</IsDownLoadUpDateList>
					<Count>197</Count>
				</State>
				<State Code="01229" name="Nevada" IsSate="0">
					<JKG_Ver>1.00</JKG_Ver>
					<DAT_Ver>1.00</DAT_Ver>
					<IsDownLoadUpDateList>0</IsDownLoadUpDateList>
					<Count>96</Count>
				</State>
				<State Code="01230" name="New Hampshire" IsSate="0">
					<JKG_Ver>1.00</JKG_Ver>
					<DAT_Ver>1.00</DAT_Ver>
					<IsDownLoadUpDateList>0</IsDownLoadUpDateList>
					<Count>95</Count>
				</State>
				<State Code="01231" name="New Jersey" IsSate="0">
					<JKG_Ver>1.00</JKG_Ver>
					<DAT_Ver>1.00</DAT_Ver>
					<IsDownLoadUpDateList>0</IsDownLoadUpDateList>
					<Count>284</Count>
				</State>
				<State Code="01232" name="New Mexico" IsSate="0">
					<JKG_Ver>1.00</JKG_Ver>
					<DAT_Ver>1.00</DAT_Ver>
					<IsDownLoadUpDateList>0</IsDownLoadUpDateList>
					<Count>79</Count>
				</State>
				<State Code="01233" name="New York" IsSate="0">
					<JKG_Ver>1.00</JKG_Ver>
					<DAT_Ver>1.00</DAT_Ver>
					<IsDownLoadUpDateList>0</IsDownLoadUpDateList>
					<Count>786</Count>
				</State>
				<State Code="01234" name="North Carolina" IsSate="0">
					<JKG_Ver>1.00</JKG_Ver>
					<DAT_Ver>1.00</DAT_Ver>
					<IsDownLoadUpDateList>0</IsDownLoadUpDateList>
					<Count>564</Count>
				</State>
				<State Code="01235" name="North Dakota" IsSate="0">
					<JKG_Ver>1.00</JKG_Ver>
					<DAT_Ver>1.00</DAT_Ver>
					<IsDownLoadUpDateList>0</IsDownLoadUpDateList>
					<Count>91</Count>
				</State>
				<State Code="01236" name="Ohio" IsSate="0">
					<JKG_Ver>1.00</JKG_Ver>
					<DAT_Ver>1.00</DAT_Ver>
					<IsDownLoadUpDateList>0</IsDownLoadUpDateList>
					<Count>735</Count>
				</State>
				<State Code="01237" name="Oklahoma" IsSate="0">
					<JKG_Ver>1.00</JKG_Ver>
					<DAT_Ver>1.00</DAT_Ver>
					<IsDownLoadUpDateList>0</IsDownLoadUpDateList>
					<Count>185</Count>
				</State>
				<State Code="01238" name="Oregon" IsSate="0">
					<JKG_Ver>1.00</JKG_Ver>
					<DAT_Ver>1.00</DAT_Ver>
					<IsDownLoadUpDateList>0</IsDownLoadUpDateList>
					<Count>181</Count>
				</State>
				<State Code="01239" name="Pennsylvania" IsSate="0">
					<JKG_Ver>1.00</JKG_Ver>
					<DAT_Ver>1.00</DAT_Ver>
					<IsDownLoadUpDateList>0</IsDownLoadUpDateList>
					<Count>658</Count>
				</State>
				<State Code="01240" name="Rhode Island" IsSate="0">
					<JKG_Ver>1.00</JKG_Ver>
					<DAT_Ver>1.00</DAT_Ver>
					<IsDownLoadUpDateList>0</IsDownLoadUpDateList>
					<Count>56</Count>
				</State>
				<State Code="01241" name="South Carolina" IsSate="0">
					<JKG_Ver>1.00</JKG_Ver>
					<DAT_Ver>1.00</DAT_Ver>
					<IsDownLoadUpDateList>0</IsDownLoadUpDateList>
					<Count>331</Count>
				</State>
				<State Code="01242" name="South Dakota" IsSate="0">
					<JKG_Ver>1.00</JKG_Ver>
					<DAT_Ver>1.00</DAT_Ver>
					<IsDownLoadUpDateList>0</IsDownLoadUpDateList>
					<Count>88</Count>
				</State>
				<State Code="01243" name="Tennessee" IsSate="0">
					<JKG_Ver>1.00</JKG_Ver>
					<DAT_Ver>1.00</DAT_Ver>
					<IsDownLoadUpDateList>0</IsDownLoadUpDateList>
					<Count>275</Count>
				</State>
				<State Code="01244" name="Texas" IsSate="0">
					<JKG_Ver>1.00</JKG_Ver>
					<DAT_Ver>1.00</DAT_Ver>
					<IsDownLoadUpDateList>0</IsDownLoadUpDateList>
					<Count>814</Count>
				</State>
				<State Code="01245" name="Utah" IsSate="0">
					<JKG_Ver>1.00</JKG_Ver>
					<DAT_Ver>1.00</DAT_Ver>
					<IsDownLoadUpDateList>0</IsDownLoadUpDateList>
					<Count>113</Count>
				</State>
				<State Code="01246" name="Vermont" IsSate="0">
					<JKG_Ver>1.00</JKG_Ver>
					<DAT_Ver>1.00</DAT_Ver>
					<IsDownLoadUpDateList>0</IsDownLoadUpDateList>
					<Count>57</Count>
				</State>
				<State Code="01247" name="Virginia" IsSate="0">
					<JKG_Ver>1.00</JKG_Ver>
					<DAT_Ver>1.00</DAT_Ver>
					<IsDownLoadUpDateList>0</IsDownLoadUpDateList>
					<Count>333</Count>
				</State>
				<State Code="01248" name="Washington" IsSate="0">
					<JKG_Ver>1.00</JKG_Ver>
					<DAT_Ver>1.00</DAT_Ver>
					<IsDownLoadUpDateList>0</IsDownLoadUpDateList>
					<Count>264</Count>
				</State>
				<State Code="01249" name="West Virginia" IsSate="0">
					<JKG_Ver>1.00</JKG_Ver>
					<DAT_Ver>1.00</DAT_Ver>
					<IsDownLoadUpDateList>0</IsDownLoadUpDateList>
					<Count>101</Count>
				</State>
				<State Code="01250" name="Wisconsin" IsSate="0">
					<JKG_Ver>1.00</JKG_Ver>
					<DAT_Ver>1.00</DAT_Ver>
					<IsDownLoadUpDateList>0</IsDownLoadUpDateList>
					<Count>476</Count>
				</State>
				<State Code="01251" name="Wyoming" IsSate="0">
					<JKG_Ver>1.00</JKG_Ver>
					<DAT_Ver>1.00</DAT_Ver>
					<IsDownLoadUpDateList>0</IsDownLoadUpDateList>
					<Count>47</Count>
				</State>
			</StateList>
		</Country>
		<Country Code="01500" name="Argentina" IsSate="0">
			<JKG_Ver>1.00</JKG_Ver>
			<DAT_Ver>1.00</DAT_Ver>
			<IsDownLoadUpDateList>0</IsDownLoadUpDateList>
			<Count>108</Count>
		</Country>
		<Country Code="01600" name="Aruba" IsSate="0">
			<JKG_Ver>1.00</JKG_Ver>
			<DAT_Ver>1.00</DAT_Ver>
			<IsDownLoadUpDateList>0</IsDownLoadUpDateList>
			<Count>2</Count>
		</Country>
		<Country Code="01700" name="Austria" IsSate="0">
			<JKG_Ver>1.00</JKG_Ver>
			<DAT_Ver>1.00</DAT_Ver>
			<IsDownLoadUpDateList>0</IsDownLoadUpDateList>
			<Count>104</Count>
		</Country>
		<Country Code="01800" name="Barbados" IsSate="0">
			<JKG_Ver>1.00</JKG_Ver>
			<DAT_Ver>1.00</DAT_Ver>
			<IsDownLoadUpDateList>0</IsDownLoadUpDateList>
			<Count>2</Count>
		</Country>
		<Country Code="01900" name="Belgium" IsSate="0">
			<JKG_Ver>1.00</JKG_Ver>
			<DAT_Ver>1.00</DAT_Ver>
			<IsDownLoadUpDateList>0</IsDownLoadUpDateList>
			<Count>80</Count>
		</Country>
		<Country Code="02000" name="Bermuda" IsSate="0">
			<JKG_Ver>1.00</JKG_Ver>
			<DAT_Ver>1.00</DAT_Ver>
			<IsDownLoadUpDateList>0</IsDownLoadUpDateList>
			<Count>6</Count>
		</Country>
		<Country Code="02100" name="Brazil" IsSate="0">
			<JKG_Ver>1.00</JKG_Ver>
			<DAT_Ver>1.00</DAT_Ver>
			<IsDownLoadUpDateList>0</IsDownLoadUpDateList>
			<Count>45</Count>
		</Country>
		<Country Code="02200" name="Chile" IsSate="0">
			<JKG_Ver>1.00</JKG_Ver>
			<DAT_Ver>1.00</DAT_Ver>
			<IsDownLoadUpDateList>0</IsDownLoadUpDateList>
			<Count>32</Count>
		</Country>
		<Country Code="02300" name="Colombia" IsSate="0">
			<JKG_Ver>1.00</JKG_Ver>
			<DAT_Ver>1.00</DAT_Ver>
			<IsDownLoadUpDateList>0</IsDownLoadUpDateList>
			<Count>32</Count>
		</Country>
		<Country Code="02400" name="Costa Rica" IsSate="0">
			<JKG_Ver>1.00</JKG_Ver>
			<DAT_Ver>1.00</DAT_Ver>
			<IsDownLoadUpDateList>0</IsDownLoadUpDateList>
			<Count>6</Count>
		</Country>
		<Country Code="02500" name="Cyprus" IsSate="0">
			<JKG_Ver>1.00</JKG_Ver>
			<DAT_Ver>1.00</DAT_Ver>
			<IsDownLoadUpDateList>0</IsDownLoadUpDateList>
			<Count>5</Count>
		</Country>
		<Country Code="02600" name="Czech Republic" IsSate="0">
			<JKG_Ver>1.00</JKG_Ver>
			<DAT_Ver>1.00</DAT_Ver>
			<IsDownLoadUpDateList>0</IsDownLoadUpDateList>
			<Count>68</Count>
		</Country>
		<Country Code="02700" name="Denmark" IsSate="0">
			<JKG_Ver>1.00</JKG_Ver>
			<DAT_Ver>1.00</DAT_Ver>
			<IsDownLoadUpDateList>0</IsDownLoadUpDateList>
			<Count>168</Count>
		</Country>
		<Country Code="02800" name="Dominican Republic" IsSate="0">
			<JKG_Ver>1.00</JKG_Ver>
			<DAT_Ver>1.00</DAT_Ver>
			<IsDownLoadUpDateList>0</IsDownLoadUpDateList>
			<Count>18</Count>
		</Country>
		<Country Code="02900" name="Ecuador" IsSate="0">
			<JKG_Ver>1.00</JKG_Ver>
			<DAT_Ver>1.00</DAT_Ver>
			<IsDownLoadUpDateList>0</IsDownLoadUpDateList>
			<Count>5</Count>
		</Country>
		<Country Code="03000" name="Fiji" IsSate="0">
			<JKG_Ver>1.00</JKG_Ver>
			<DAT_Ver>1.00</DAT_Ver>
			<IsDownLoadUpDateList>0</IsDownLoadUpDateList>
			<Count>5</Count>
		</Country>
		<Country Code="03200" name="France" IsSate="0">
			<JKG_Ver>1.00</JKG_Ver>
			<DAT_Ver>1.00</DAT_Ver>
			<IsDownLoadUpDateList>0</IsDownLoadUpDateList>
			<Count>580</Count>
		</Country>
		<Country Code="03300" name="Germany" IsSate="0">
			<JKG_Ver>1.00</JKG_Ver>
			<DAT_Ver>1.00</DAT_Ver>
			<IsDownLoadUpDateList>0</IsDownLoadUpDateList>
			<Count>636</Count>
		</Country>
		<Country Code="03400" name="Guam" IsSate="0">
			<JKG_Ver>1.00</JKG_Ver>
			<DAT_Ver>1.00</DAT_Ver>
			<IsDownLoadUpDateList>0</IsDownLoadUpDateList>
			<Count>8</Count>
		</Country>
		<Country Code="03500" name="Guatemala" IsSate="0">
			<JKG_Ver>1.00</JKG_Ver>
			<DAT_Ver>1.00</DAT_Ver>
			<IsDownLoadUpDateList>0</IsDownLoadUpDateList>
			<Count>6</Count>
		</Country>
		<Country Code="03600" name="Iceland" IsSate="0">
			<JKG_Ver>1.00</JKG_Ver>
			<DAT_Ver>1.00</DAT_Ver>
			<IsDownLoadUpDateList>0</IsDownLoadUpDateList>
			<Count>14</Count>
		</Country>
		<Country Code="03700" name="India" IsSate="0">
			<JKG_Ver>1.00</JKG_Ver>
			<DAT_Ver>1.00</DAT_Ver>
			<IsDownLoadUpDateList>0</IsDownLoadUpDateList>
			<Count>37</Count>
		</Country>
		<Country Code="03800" name="Ireland" IsSate="0">
			<JKG_Ver>1.00</JKG_Ver>
			<DAT_Ver>1.00</DAT_Ver>
			<IsDownLoadUpDateList>0</IsDownLoadUpDateList>
			<Count>247</Count>
		</Country>
		<Country Code="03900" name="Italy" IsSate="0">
			<JKG_Ver>1.00</JKG_Ver>
			<DAT_Ver>1.00</DAT_Ver>
			<IsDownLoadUpDateList>0</IsDownLoadUpDateList>
			<Count>210</Count>
		</Country>
		<Country Code="04000" name="Jamaica" IsSate="0">
			<JKG_Ver>1.00</JKG_Ver>
			<DAT_Ver>1.00</DAT_Ver>
			<IsDownLoadUpDateList>0</IsDownLoadUpDateList>
			<Count>6</Count>
		</Country>
		<Country Code="04100" name="Mexico" IsSate="0">
			<JKG_Ver>1.00</JKG_Ver>
			<DAT_Ver>1.00</DAT_Ver>
			<IsDownLoadUpDateList>0</IsDownLoadUpDateList>
			<Count>198</Count>
		</Country>
		<Country Code="04200" name="Netherlands" IsSate="0">
			<JKG_Ver>1.00</JKG_Ver>
			<DAT_Ver>1.00</DAT_Ver>
			<IsDownLoadUpDateList>0</IsDownLoadUpDateList>
			<Count>170</Count>
		</Country>
		<Country Code="04300" name="New Zealand" IsSate="0">
			<JKG_Ver>1.00</JKG_Ver>
			<DAT_Ver>1.00</DAT_Ver>
			<IsDownLoadUpDateList>0</IsDownLoadUpDateList>
			<Count>283</Count>
		</Country>
		<Country Code="04400" name="Pakistan" IsSate="0">
			<JKG_Ver>1.00</JKG_Ver>
			<DAT_Ver>1.00</DAT_Ver>
			<IsDownLoadUpDateList>0</IsDownLoadUpDateList>
			<Count>10</Count>
		</Country>
		<Country Code="04500" name="Paraguay" IsSate="0">
			<JKG_Ver>1.00</JKG_Ver>
			<DAT_Ver>1.00</DAT_Ver>
			<IsDownLoadUpDateList>0</IsDownLoadUpDateList>
			<Count>3</Count>
		</Country>
		<Country Code="04600" name="Poland" IsSate="0">
			<JKG_Ver>1.00</JKG_Ver>
			<DAT_Ver>1.00</DAT_Ver>
			<IsDownLoadUpDateList>0</IsDownLoadUpDateList>
			<Count>12</Count>
		</Country>
		<Country Code="04700" name="Portugal" IsSate="0">
			<JKG_Ver>1.00</JKG_Ver>
			<DAT_Ver>1.00</DAT_Ver>
			<IsDownLoadUpDateList>0</IsDownLoadUpDateList>
			<Count>68</Count>
		</Country>
		<Country Code="04800" name="Puerto Rico" IsSate="0">
			<JKG_Ver>1.00</JKG_Ver>
			<DAT_Ver>1.00</DAT_Ver>
			<IsDownLoadUpDateList>0</IsDownLoadUpDateList>
			<Count>18</Count>
		</Country>
		<Country Code="04900" name="Qatar" IsSate="0">
			<JKG_Ver>1.00</JKG_Ver>
			<DAT_Ver>1.00</DAT_Ver>
			<IsDownLoadUpDateList>0</IsDownLoadUpDateList>
			<Count>1</Count>
		</Country>
		<Country Code="05000" name="Russia" IsSate="0">
			<JKG_Ver>1.00</JKG_Ver>
			<DAT_Ver>1.00</DAT_Ver>
			<IsDownLoadUpDateList>0</IsDownLoadUpDateList>
			<Count>4</Count>
		</Country>
		<Country Code="05100" name="Saints Kitts and Nevis" IsSate="0">
			<JKG_Ver>1.00</JKG_Ver>
			<DAT_Ver>1.00</DAT_Ver>
			<IsDownLoadUpDateList>0</IsDownLoadUpDateList>
			<Count>1</Count>
		</Country>
		<Country Code="05200" name="SaudiArabia" IsSate="0">
			<JKG_Ver>1.00</JKG_Ver>
			<DAT_Ver>1.00</DAT_Ver>
			<IsDownLoadUpDateList>0</IsDownLoadUpDateList>
			<Count>8</Count>
		</Country>
		<Country Code="05300" name="South Africa" IsSate="0">
			<JKG_Ver>1.00</JKG_Ver>
			<DAT_Ver>1.00</DAT_Ver>
			<IsDownLoadUpDateList>0</IsDownLoadUpDateList>
			<Count>246</Count>
		</Country>
		<Country Code="05400" name="Spain" IsSate="0">
			<JKG_Ver>1.00</JKG_Ver>
			<DAT_Ver>1.00</DAT_Ver>
			<IsDownLoadUpDateList>0</IsDownLoadUpDateList>
			<Count>332</Count>
		</Country>
		<Country Code="05500" name="Sweden" IsSate="0">
			<JKG_Ver>1.00</JKG_Ver>
			<DAT_Ver>1.00</DAT_Ver>
			<IsDownLoadUpDateList>0</IsDownLoadUpDateList>
			<Count>364</Count>
		</Country>
		<Country Code="05600" name="Switzerland" IsSate="0">
			<JKG_Ver>1.00</JKG_Ver>
			<DAT_Ver>1.00</DAT_Ver>
			<IsDownLoadUpDateList>0</IsDownLoadUpDateList>
			<Count>78</Count>
		</Country>
		<Country Code="05700" name="Taiwan" IsSate="0">
			<JKG_Ver>1.00</JKG_Ver>
			<DAT_Ver>1.00</DAT_Ver>
			<IsDownLoadUpDateList>0</IsDownLoadUpDateList>
			<Count>57</Count>
		</Country>
		<Country Code="05800" name="Trinidad and Tobago" IsSate="0">
			<JKG_Ver>1.00</JKG_Ver>
			<DAT_Ver>1.00</DAT_Ver>
			<IsDownLoadUpDateList>0</IsDownLoadUpDateList>
			<Count>7</Count>
		</Country>
		<Country Code="05900" name="Turkey" IsSate="0">
			<JKG_Ver>1.00</JKG_Ver>
			<DAT_Ver>1.00</DAT_Ver>
			<IsDownLoadUpDateList>0</IsDownLoadUpDateList>
			<Count>10</Count>
		</Country>
		<Country Code="06100" name="U.A.E" IsSate="0">
			<JKG_Ver>1.00</JKG_Ver>
			<DAT_Ver>1.00</DAT_Ver>
			<IsDownLoadUpDateList>0</IsDownLoadUpDateList>
			<Count>15</Count>
		</Country>
		<Country Code="06200" name="United Kingdom" IsSate="1">
			<StateList>
				<State Code="06201" name="England" IsSate="0">
					<JKG_Ver>1.00</JKG_Ver>
					<DAT_Ver>1.00</DAT_Ver>
					<IsDownLoadUpDateList>0</IsDownLoadUpDateList>
					<Count>1921</Count>
				</State>
				<State Code="06202" name="Northern Ireland" IsSate="0">
					<JKG_Ver>1.00</JKG_Ver>
					<DAT_Ver>1.00</DAT_Ver>
					<IsDownLoadUpDateList>0</IsDownLoadUpDateList>
					<Count>73</Count>
				</State>
				<State Code="06203" name="Scotland" IsSate="0">
					<JKG_Ver>1.00</JKG_Ver>
					<DAT_Ver>1.00</DAT_Ver>
					<IsDownLoadUpDateList>0</IsDownLoadUpDateList>
					<Count>443</Count>
				</State>
				<State Code="06204" name="Wales" IsSate="0">
					<JKG_Ver>1.00</JKG_Ver>
					<DAT_Ver>1.00</DAT_Ver>
					<IsDownLoadUpDateList>0</IsDownLoadUpDateList>
					<Count>141</Count>
				</State>
			</StateList>
		</Country>
		<Country Code="06300" name="Venezuela" IsSate="0">
			<JKG_Ver>1.00</JKG_Ver>
			<DAT_Ver>1.00</DAT_Ver>
			<IsDownLoadUpDateList>0</IsDownLoadUpDateList>
			<Count>14</Count>
		</Country>
		<Country Code="06500" name="Bahamas" IsSate="0">
			<JKG_Ver>1.00</JKG_Ver>
			<DAT_Ver>1.00</DAT_Ver>
			<IsDownLoadUpDateList>0</IsDownLoadUpDateList>
			<Count>5</Count>
		</Country>
		<Country Code="06700" name="Bahrain" IsSate="0">
			<JKG_Ver>1.00</JKG_Ver>
			<DAT_Ver>1.00</DAT_Ver>
			<IsDownLoadUpDateList>0</IsDownLoadUpDateList>
			<Count>1</Count>
		</Country>
		<Country Code="06800" name="Bangladesh" IsSate="0">
			<JKG_Ver>1.00</JKG_Ver>
			<DAT_Ver>1.00</DAT_Ver>
			<IsDownLoadUpDateList>0</IsDownLoadUpDateList>
			<Count>3</Count>
		</Country>
		<Country Code="06900" name="Bolivia" IsSate="0">
			<JKG_Ver>1.00</JKG_Ver>
			<DAT_Ver>1.00</DAT_Ver>
			<IsDownLoadUpDateList>0</IsDownLoadUpDateList>
			<Count>4</Count>
		</Country>
		<Country Code="07200" name="Croatia" IsSate="0">
			<JKG_Ver>1.00</JKG_Ver>
			<DAT_Ver>1.00</DAT_Ver>
			<IsDownLoadUpDateList>0</IsDownLoadUpDateList>
			<Count>5</Count>
		</Country>
		<Country Code="07300" name="Egypt" IsSate="0">
			<JKG_Ver>1.00</JKG_Ver>
			<DAT_Ver>1.00</DAT_Ver>
			<IsDownLoadUpDateList>0</IsDownLoadUpDateList>
			<Count>13</Count>
		</Country>
		<Country Code="07400" name="Estonia" IsSate="0">
			<JKG_Ver>1.00</JKG_Ver>
			<DAT_Ver>1.00</DAT_Ver>
			<IsDownLoadUpDateList>0</IsDownLoadUpDateList>
			<Count>3</Count>
		</Country>
		<Country Code="07500" name="Greece" IsSate="0">
			<JKG_Ver>1.00</JKG_Ver>
			<DAT_Ver>1.00</DAT_Ver>
			<IsDownLoadUpDateList>0</IsDownLoadUpDateList>
			<Count>4</Count>
		</Country>
		<Country Code="07600" name="Hong Kong" IsSate="0">
			<JKG_Ver>1.00</JKG_Ver>
			<DAT_Ver>1.00</DAT_Ver>
			<IsDownLoadUpDateList>0</IsDownLoadUpDateList>
			<Count>6</Count>
		</Country>
		<Country Code="07900" name="Kuwait" IsSate="0">
			<JKG_Ver>1.00</JKG_Ver>
			<DAT_Ver>1.00</DAT_Ver>
			<IsDownLoadUpDateList>0</IsDownLoadUpDateList>
			<Count>2</Count>
		</Country>
		<Country Code="08000" name="Lao Democratic Republic" IsSate="0">
			<JKG_Ver>1.00</JKG_Ver>
			<DAT_Ver>1.00</DAT_Ver>
			<IsDownLoadUpDateList>0</IsDownLoadUpDateList>
			<Count>7</Count>
		</Country>
		<Country Code="08100" name="Luxembourg" IsSate="0">
			<JKG_Ver>1.00</JKG_Ver>
			<DAT_Ver>1.00</DAT_Ver>
			<IsDownLoadUpDateList>0</IsDownLoadUpDateList>
			<Count>6</Count>
		</Country>
		<Country Code="08300" name="Mauritius" IsSate="0">
			<JKG_Ver>1.00</JKG_Ver>
			<DAT_Ver>1.00</DAT_Ver>
			<IsDownLoadUpDateList>0</IsDownLoadUpDateList>
			<Count>4</Count>
		</Country>
		<Country Code="08400" name="Morocco" IsSate="0">
			<JKG_Ver>1.00</JKG_Ver>
			<DAT_Ver>1.00</DAT_Ver>
			<IsDownLoadUpDateList>0</IsDownLoadUpDateList>
			<Count>7</Count>
		</Country>
		<Country Code="08500" name="Nicaragua" IsSate="0">
			<JKG_Ver>1.00</JKG_Ver>
			<DAT_Ver>1.00</DAT_Ver>
			<IsDownLoadUpDateList>0</IsDownLoadUpDateList>
			<Count>1</Count>
		</Country>
		<Country Code="08600" name="Norway" IsSate="0">
			<JKG_Ver>1.00</JKG_Ver>
			<DAT_Ver>1.00</DAT_Ver>
			<IsDownLoadUpDateList>0</IsDownLoadUpDateList>
			<Count>67</Count>
		</Country>
		<Country Code="08800" name="Slovakia" IsSate="0">
			<JKG_Ver>1.00</JKG_Ver>
			<DAT_Ver>1.00</DAT_Ver>
			<IsDownLoadUpDateList>0</IsDownLoadUpDateList>
			<Count>5</Count>
		</Country>
		<Country Code="08900" name="Slovenia" IsSate="0">
			<JKG_Ver>1.00</JKG_Ver>
			<DAT_Ver>1.00</DAT_Ver>
			<IsDownLoadUpDateList>0</IsDownLoadUpDateList>
			<Count>12</Count>
		</Country>
		<Country Code="09200" name="Zimbabwe" IsSate="0">
			<JKG_Ver>1.00</JKG_Ver>
			<DAT_Ver>1.00</DAT_Ver>
			<IsDownLoadUpDateList>0</IsDownLoadUpDateList>
			<Count>2</Count>
		</Country>
		<Country Code="09300" name="Papua New Guinea" IsSate="0">
			<JKG_Ver>1.00</JKG_Ver>
			<DAT_Ver>1.00</DAT_Ver>
			<IsDownLoadUpDateList>0</IsDownLoadUpDateList>
			<Count>1</Count>
		</Country>
		<Country Code="09400" name="Botswana" IsSate="0">
			<JKG_Ver>1.00</JKG_Ver>
			<DAT_Ver>1.00</DAT_Ver>
			<IsDownLoadUpDateList>0</IsDownLoadUpDateList>
			<Count>3</Count>
		</Country>
		<Country Code="09500" name="Namibia" IsSate="0">
			<JKG_Ver>1.00</JKG_Ver>
			<DAT_Ver>1.00</DAT_Ver>
			<IsDownLoadUpDateList>0</IsDownLoadUpDateList>
			<Count>3</Count>
		</Country>
		<Country Code="09600" name="Oman" IsSate="0">
			<JKG_Ver>1.00</JKG_Ver>
			<DAT_Ver>1.00</DAT_Ver>
			<IsDownLoadUpDateList>0</IsDownLoadUpDateList>
			<Count>4</Count>
		</Country>
		<Country Code="09700" name="Tunisia" IsSate="0">
			<JKG_Ver>1.00</JKG_Ver>
			<DAT_Ver>1.00</DAT_Ver>
			<IsDownLoadUpDateList>0</IsDownLoadUpDateList>
			<Count>2</Count>
		</Country>
		<Country Code="09800" name="Finland" IsSate="0">
			<JKG_Ver>1.00</JKG_Ver>
			<DAT_Ver>1.00</DAT_Ver>
			<IsDownLoadUpDateList>0</IsDownLoadUpDateList>
			<Count>76</Count>
		</Country>
		<Country Code="09900" name="Latvia" IsSate="0">
			<JKG_Ver>1.00</JKG_Ver>
			<DAT_Ver>1.00</DAT_Ver>
			<IsDownLoadUpDateList>0</IsDownLoadUpDateList>
			<Count>1</Count>
		</Country>
		<Country Code="10000" name="Ukraine" IsSate="0">
			<JKG_Ver>1.00</JKG_Ver>
			<DAT_Ver>1.00</DAT_Ver>
			<IsDownLoadUpDateList>0</IsDownLoadUpDateList>
			<Count>2</Count>
		</Country>
		<Country Code="10100" name="Israel" IsSate="0">
			<JKG_Ver>1.00</JKG_Ver>
			<DAT_Ver>1.00</DAT_Ver>
			<IsDownLoadUpDateList>0</IsDownLoadUpDateList>
			<Count>2</Count>
		</Country>
		<Country Code="10200" name="Kenya" IsSate="0">
			<JKG_Ver>1.00</JKG_Ver>
			<DAT_Ver>1.00</DAT_Ver>
			<IsDownLoadUpDateList>0</IsDownLoadUpDateList>
			<Count>5</Count>
		</Country>
		<Country Code="10300" name="Lithuania" IsSate="0">
			<JKG_Ver>1.00</JKG_Ver>
			<DAT_Ver>1.00</DAT_Ver>
			<IsDownLoadUpDateList>0</IsDownLoadUpDateList>
			<Count>4</Count>
		</Country>
		<Country Code="10400" name="Uruguay" IsSate="0">
			<JKG_Ver>1.00</JKG_Ver>
			<DAT_Ver>1.00</DAT_Ver>
			<IsDownLoadUpDateList>0</IsDownLoadUpDateList>
			<Count>6</Count>
		</Country>
		<Country Code="12000" name="Aland" IsSate="0">
			<JKG_Ver>1.00</JKG_Ver>
			<DAT_Ver>1.00</DAT_Ver>
			<IsDownLoadUpDateList>0</IsDownLoadUpDateList>
			<Count>2</Count>
		</Country>
		<Country Code="13300" name="Brunei Darussalam" IsSate="0">
			<JKG_Ver>1.00</JKG_Ver>
			<DAT_Ver>1.00</DAT_Ver>
			<IsDownLoadUpDateList>0</IsDownLoadUpDateList>
			<Count>4</Count>
		</Country>
		<Country Code="13700" name="Bhutan" IsSate="0">
			<JKG_Ver>1.00</JKG_Ver>
			<DAT_Ver>1.00</DAT_Ver>
			<IsDownLoadUpDateList>0</IsDownLoadUpDateList>
			<Count>1</Count>
		</Country>
		<Country Code="15500" name="Cuba" IsSate="0">
			<JKG_Ver>1.00</JKG_Ver>
			<DAT_Ver>1.00</DAT_Ver>
			<IsDownLoadUpDateList>0</IsDownLoadUpDateList>
			<Count>1</Count>
		</Country>
		<Country Code="18000" name="Gabon" IsSate="0">
			<JKG_Ver>1.00</JKG_Ver>
			<DAT_Ver>1.00</DAT_Ver>
			<IsDownLoadUpDateList>0</IsDownLoadUpDateList>
			<Count>1</Count>
		</Country>
		<Country Code="18300" name="French Guiana" IsSate="0">
			<JKG_Ver>1.00</JKG_Ver>
			<DAT_Ver>1.00</DAT_Ver>
			<IsDownLoadUpDateList>0</IsDownLoadUpDateList>
			<Count>1</Count>
		</Country>
		<Country Code="18400" name="Guernsey" IsSate="0">
			<JKG_Ver>1.00</JKG_Ver>
			<DAT_Ver>1.00</DAT_Ver>
			<IsDownLoadUpDateList>0</IsDownLoadUpDateList>
			<Count>1</Count>
		</Country>
		<Country Code="19000" name="Guadeloupe" IsSate="0">
			<JKG_Ver>1.00</JKG_Ver>
			<DAT_Ver>1.00</DAT_Ver>
			<IsDownLoadUpDateList>0</IsDownLoadUpDateList>
			<Count>1</Count>
		</Country>
		<Country Code="20000" name="Honduras" IsSate="0">
			<JKG_Ver>1.00</JKG_Ver>
			<DAT_Ver>1.00</DAT_Ver>
			<IsDownLoadUpDateList>0</IsDownLoadUpDateList>
			<Count>2</Count>
		</Country>
		<Country Code="20300" name="Hungary" IsSate="0">
			<JKG_Ver>1.00</JKG_Ver>
			<DAT_Ver>1.00</DAT_Ver>
			<IsDownLoadUpDateList>0</IsDownLoadUpDateList>
			<Count>9</Count>
		</Country>
		<Country Code="20700" name="Isle of Man" IsSate="0">
			<JKG_Ver>1.00</JKG_Ver>
			<DAT_Ver>1.00</DAT_Ver>
			<IsDownLoadUpDateList>0</IsDownLoadUpDateList>
			<Count>8</Count>
		</Country>
		<Country Code="21400" name="Jersey" IsSate="0">
			<JKG_Ver>1.00</JKG_Ver>
			<DAT_Ver>1.00</DAT_Ver>
			<IsDownLoadUpDateList>0</IsDownLoadUpDateList>
			<Count>5</Count>
		</Country>
		<Country Code="22700" name="Cayman Islands" IsSate="0">
			<JKG_Ver>1.00</JKG_Ver>
			<DAT_Ver>1.00</DAT_Ver>
			<IsDownLoadUpDateList>0</IsDownLoadUpDateList>
			<Count>1</Count>
		</Country>
		<Country Code="23000" name="Lebanon" IsSate="0">
			<JKG_Ver>1.00</JKG_Ver>
			<DAT_Ver>1.00</DAT_Ver>
			<IsDownLoadUpDateList>0</IsDownLoadUpDateList>
			<Count>1</Count>
		</Country>
		<Country Code="23100" name="Saint Lucia" IsSate="0">
			<JKG_Ver>1.00</JKG_Ver>
			<DAT_Ver>1.00</DAT_Ver>
			<IsDownLoadUpDateList>0</IsDownLoadUpDateList>
			<Count>2</Count>
		</Country>
		<Country Code="23300" name="Sri Lanka" IsSate="0">
			<JKG_Ver>1.00</JKG_Ver>
			<DAT_Ver>1.00</DAT_Ver>
			<IsDownLoadUpDateList>0</IsDownLoadUpDateList>
			<Count>2</Count>
		</Country>
		<Country Code="24400" name="Saint Martin" IsSate="0">
			<JKG_Ver>1.00</JKG_Ver>
			<DAT_Ver>1.00</DAT_Ver>
			<IsDownLoadUpDateList>0</IsDownLoadUpDateList>
			<Count>1</Count>
		</Country>
		<Country Code="24500" name="Madagascar" IsSate="0">
			<JKG_Ver>1.00</JKG_Ver>
			<DAT_Ver>1.00</DAT_Ver>
			<IsDownLoadUpDateList>0</IsDownLoadUpDateList>
			<Count>2</Count>
		</Country>
		<Country Code="24900" name="Myanmar" IsSate="0">
			<JKG_Ver>1.00</JKG_Ver>
			<DAT_Ver>1.00</DAT_Ver>
			<IsDownLoadUpDateList>0</IsDownLoadUpDateList>
			<Count>7</Count>
		</Country>
		<Country Code="25200" name="Northern Mariana Islands" IsSate="0">
			<JKG_Ver>1.00</JKG_Ver>
			<DAT_Ver>1.00</DAT_Ver>
			<IsDownLoadUpDateList>0</IsDownLoadUpDateList>
			<Count>4</Count>
		</Country>
		<Country Code="25300" name="Martinique" IsSate="0">
			<JKG_Ver>1.00</JKG_Ver>
			<DAT_Ver>1.00</DAT_Ver>
			<IsDownLoadUpDateList>0</IsDownLoadUpDateList>
			<Count>1</Count>
		</Country>
		<Country Code="26200" name="Mozambique" IsSate="0">
			<JKG_Ver>1.00</JKG_Ver>
			<DAT_Ver>1.00</DAT_Ver>
			<IsDownLoadUpDateList>0</IsDownLoadUpDateList>
			<Count>2</Count>
		</Country>
		<Country Code="26400" name="New Caledonia" IsSate="0">
			<JKG_Ver>1.00</JKG_Ver>
			<DAT_Ver>1.00</DAT_Ver>
			<IsDownLoadUpDateList>0</IsDownLoadUpDateList>
			<Count>3</Count>
		</Country>
		<Country Code="26700" name="Nigeria" IsSate="0">
			<JKG_Ver>1.00</JKG_Ver>
			<DAT_Ver>1.00</DAT_Ver>
			<IsDownLoadUpDateList>0</IsDownLoadUpDateList>
			<Count>4</Count>
		</Country>
		<Country Code="27600" name="Panama" IsSate="0">
			<JKG_Ver>1.00</JKG_Ver>
			<DAT_Ver>1.00</DAT_Ver>
			<IsDownLoadUpDateList>0</IsDownLoadUpDateList>
			<Count>3</Count>
		</Country>
		<Country Code="27700" name="Peru" IsSate="0">
			<JKG_Ver>1.00</JKG_Ver>
			<DAT_Ver>1.00</DAT_Ver>
			<IsDownLoadUpDateList>0</IsDownLoadUpDateList>
			<Count>3</Count>
		</Country>
		<Country Code="27800" name="French Polynesia" IsSate="0">
			<JKG_Ver>1.00</JKG_Ver>
			<DAT_Ver>1.00</DAT_Ver>
			<IsDownLoadUpDateList>0</IsDownLoadUpDateList>
			<Count>2</Count>
		</Country>
		<Country Code="29100" name="Reunion" IsSate="0">
			<JKG_Ver>1.00</JKG_Ver>
			<DAT_Ver>1.00</DAT_Ver>
			<IsDownLoadUpDateList>0</IsDownLoadUpDateList>
			<Count>3</Count>
		</Country>
		<Country Code="29500" name="Rwanda" IsSate="0">
			<JKG_Ver>1.00</JKG_Ver>
			<DAT_Ver>1.00</DAT_Ver>
			<IsDownLoadUpDateList>0</IsDownLoadUpDateList>
			<Count>1</Count>
		</Country>
		<Country Code="31600" name="Turks and Caicos Islands" IsSate="0">
			<JKG_Ver>1.00</JKG_Ver>
			<DAT_Ver>1.00</DAT_Ver>
			<IsDownLoadUpDateList>0</IsDownLoadUpDateList>
			<Count>1</Count>
		</Country>
		<Country Code="33400" name="Uganda" IsSate="0">
			<JKG_Ver>1.00</JKG_Ver>
			<DAT_Ver>1.00</DAT_Ver>
			<IsDownLoadUpDateList>0</IsDownLoadUpDateList>
			<Count>1</Count>
		</Country>
		<Country Code="33900" name="Uzbekistan" IsSate="0">
			<JKG_Ver>1.00</JKG_Ver>
			<DAT_Ver>1.00</DAT_Ver>
			<IsDownLoadUpDateList>0</IsDownLoadUpDateList>
			<Count>1</Count>
		</Country>
		<Country Code="35000" name="Mayotte" IsSate="0">
			<JKG_Ver>1.00</JKG_Ver>
			<DAT_Ver>1.00</DAT_Ver>
			<IsDownLoadUpDateList>0</IsDownLoadUpDateList>
			<Count>1</Count>
		</Country>
		<Country Code="35300" name="Zambia" IsSate="0">
			<JKG_Ver>1.00</JKG_Ver>
			<DAT_Ver>1.00</DAT_Ver>
			<IsDownLoadUpDateList>0</IsDownLoadUpDateList>
			<Count>4</Count>
		</Country>
		<Country Code="35600" name="Antigua and Barbuda" IsSate="0">
			<JKG_Ver>1.00</JKG_Ver>
			<DAT_Ver>1.00</DAT_Ver>
			<IsDownLoadUpDateList>0</IsDownLoadUpDateList>
			<Count>2</Count>
		</Country>
		<Country Code="35800" name="Kazakhstan" IsSate="0">
			<JKG_Ver>1.00</JKG_Ver>
			<DAT_Ver>1.00</DAT_Ver>
			<IsDownLoadUpDateList>0</IsDownLoadUpDateList>
			<Count>2</Count>
		</Country>
		<Country Code="35900" name="Macau" IsSate="0">
			<JKG_Ver>1.00</JKG_Ver>
			<DAT_Ver>1.00</DAT_Ver>
			<IsDownLoadUpDateList>0</IsDownLoadUpDateList>
			<Count>1</Count>
		</Country>
		<Country Code="36000" name="Newfoundland and Labrador" IsSate="0">
			<JKG_Ver>1.00</JKG_Ver>
			<DAT_Ver>1.00</DAT_Ver>
			<IsDownLoadUpDateList>0</IsDownLoadUpDateList>
			<Count>1</Count>
		</Country>
		<Country Code="36300" name="Tanzania" IsSate="0">
			<JKG_Ver>1.00</JKG_Ver>
			<DAT_Ver>1.00</DAT_Ver>
			<IsDownLoadUpDateList>0</IsDownLoadUpDateList>
			<Count>1</Count>
		</Country>
		<Country Code="36400" name="US Virgin Islands" IsSate="0">
			<JKG_Ver>1.00</JKG_Ver>
			<DAT_Ver>1.00</DAT_Ver>
			<IsDownLoadUpDateList>0</IsDownLoadUpDateList>
			<Count>3</Count>
		</Country>
		<Country Code="36500" name="Curacao" IsSate="0">
			<JKG_Ver>1.00</JKG_Ver>
			<DAT_Ver>1.00</DAT_Ver>
			<IsDownLoadUpDateList>0</IsDownLoadUpDateList>
			<Count>2</Count>
		</Country>
	</CountryList>
</File>